ID,Label
10011.pkl,3.4116220474243164
10025.pkl,1.7010765075683594
10033.pkl,3.7897894382476807
10036.pkl,3.0427842140197754
10043.pkl,4.356255054473877
10067.pkl,2.9640448093414307
10074.pkl,3.051992893218994
10079.pkl,3.1659626960754395
10083.pkl,4.124266147613525
10090.pkl,3.314290761947632
10092.pkl,3.185023784637451
10097.pkl,3.8435325622558594
10099.pkl,3.603598117828369
10110.pkl,1.3784193992614746
10116.pkl,3.6652917861938477
10120.pkl,2.883923053741455
10149.pkl,3.128683090209961
10179.pkl,3.2831408977508545
10184.pkl,2.9221744537353516
10189.pkl,3.0965635776519775
10191.pkl,3.190626621246338
10192.pkl,2.0867953300476074
10194.pkl,4.120382785797119
10200.pkl,3.3646109104156494
10202.pkl,3.3787803649902344
10204.pkl,3.313361644744873
10206.pkl,3.1867196559906006
10207.pkl,3.2811079025268555
10216.pkl,4.290505409240723
10222.pkl,3.189581871032715
10224.pkl,3.333022117614746
10235.pkl,2.5234718322753906
10236.pkl,2.8622870445251465
10240.pkl,2.6864891052246094
10242.pkl,2.763312816619873
10251.pkl,2.7466201782226562
10253.pkl,3.7680375576019287
10259.pkl,2.9274842739105225
10267.pkl,4.50380277633667
10271.pkl,2.6625959873199463
10277.pkl,3.4464097023010254
10279.pkl,2.894179344177246
10286.pkl,3.918741226196289
10287.pkl,2.394753932952881
10288.pkl,3.1176576614379883
10290.pkl,1.7747600078582764
10291.pkl,4.18658971786499
10293.pkl,3.3641598224639893
10306.pkl,3.944410800933838
10315.pkl,3.4331369400024414
10316.pkl,3.0334503650665283
10317.pkl,2.630282402038574
10326.pkl,1.7494354248046875
10332.pkl,1.8371390104293823
10335.pkl,2.9675698280334473
10349.pkl,3.2094523906707764
10351.pkl,1.9487998485565186
10356.pkl,3.1838021278381348
10359.pkl,2.920776605606079
10363.pkl,3.6790921688079834
10376.pkl,2.893923759460449
10379.pkl,2.955141067504883
10380.pkl,2.2102901935577393
10383.pkl,2.8790738582611084
10384.pkl,3.088628053665161
10390.pkl,2.6842169761657715
10394.pkl,2.9884567260742188
10398.pkl,2.315809726715088
10405.pkl,2.942124843597412
10415.pkl,1.6533865928649902
10421.pkl,3.089933395385742
10425.pkl,3.1017117500305176
10427.pkl,2.893092632293701
10433.pkl,3.939439535140991
10444.pkl,2.387559413909912
10450.pkl,3.003455638885498
10452.pkl,3.2334797382354736
10457.pkl,3.156642436981201
10462.pkl,3.3342881202697754
10466.pkl,4.382669925689697
10467.pkl,3.357234477996826
10472.pkl,2.5169172286987305
10481.pkl,2.1052913665771484
10489.pkl,2.945891857147217
10506.pkl,3.149169445037842
10507.pkl,3.4619367122650146
10513.pkl,1.738586187362671
10518.pkl,3.1754565238952637
10528.pkl,3.1792986392974854
10529.pkl,1.6114718914031982
10533.pkl,3.582953929901123
10535.pkl,3.7756032943725586
10539.pkl,2.976834297180176
10543.pkl,3.3177313804626465
10552.pkl,4.198766231536865
10553.pkl,3.8648314476013184
10558.pkl,2.9286792278289795
10559.pkl,3.600587844848633
10560.pkl,2.7116270065307617
10561.pkl,1.481329321861267
10589.pkl,3.577345132827759
10612.pkl,3.6255815029144287
10620.pkl,3.450735092163086
10627.pkl,3.22660493850708
10629.pkl,3.0008134841918945
10631.pkl,4.338520526885986
10638.pkl,2.4581611156463623
10646.pkl,3.27239990234375
10655.pkl,2.915982246398926
10658.pkl,3.3377039432525635
10663.pkl,4.057278156280518
10679.pkl,2.905229330062866
10681.pkl,1.9459547996520996
10687.pkl,2.8236613273620605
10695.pkl,3.6970059871673584
10711.pkl,3.576432466506958
10712.pkl,3.023042678833008
10718.pkl,3.229780435562134
10721.pkl,1.682849645614624
10723.pkl,3.2663321495056152
10724.pkl,3.231168746948242
10733.pkl,4.0786519050598145
10735.pkl,2.6151812076568604
10749.pkl,3.088515281677246
10756.pkl,2.9747228622436523
10757.pkl,2.823491096496582
10767.pkl,2.538879871368408
10771.pkl,3.2773823738098145
10776.pkl,2.6747727394104004
10787.pkl,4.042915344238281
10790.pkl,2.7255964279174805
10792.pkl,2.0704777240753174
10793.pkl,3.100925922393799
10800.pkl,3.231140375137329
10801.pkl,1.3808223009109497
10802.pkl,3.0220909118652344
10810.pkl,1.6208462715148926
10833.pkl,3.1644365787506104
10835.pkl,3.6248908042907715
10839.pkl,2.3707892894744873
10840.pkl,3.382791042327881
10846.pkl,3.3349199295043945
10851.pkl,3.2154228687286377
10857.pkl,3.184624433517456
10865.pkl,2.0739521980285645
10883.pkl,3.035703659057617
10884.pkl,1.4414563179016113
10886.pkl,3.0353450775146484
10890.pkl,3.728069305419922
10895.pkl,3.0675110816955566
10900.pkl,1.6766331195831299
10903.pkl,3.1779143810272217
10909.pkl,3.7174253463745117
10914.pkl,3.1789588928222656
10924.pkl,2.4393296241760254
10940.pkl,2.980088949203491
10941.pkl,2.565558671951294
10944.pkl,2.852013349533081
10956.pkl,4.253006935119629
10975.pkl,3.1203413009643555
10979.pkl,3.795593500137329
10981.pkl,3.904094696044922
10987.pkl,3.895298480987549
10993.pkl,3.381666660308838
10994.pkl,3.2757568359375
11004.pkl,1.4560774564743042
11007.pkl,2.8813300132751465
11009.pkl,3.6464319229125977
11011.pkl,3.6428918838500977
11021.pkl,3.0712013244628906
11024.pkl,4.000704288482666
11041.pkl,1.6245256662368774
11043.pkl,2.204285144805908
11049.pkl,3.145250082015991
11052.pkl,1.8727922439575195
11055.pkl,3.8318750858306885
11075.pkl,3.2819266319274902
11083.pkl,2.2309069633483887
11093.pkl,2.9087300300598145
11102.pkl,3.4974732398986816
11120.pkl,3.5822043418884277
11121.pkl,3.200380802154541
11128.pkl,2.6134209632873535
11129.pkl,4.608151435852051
11143.pkl,3.3414721488952637
11144.pkl,3.408848285675049
11150.pkl,3.308089256286621
11175.pkl,3.173542022705078
11191.pkl,3.731301784515381
11193.pkl,3.241671562194824
11201.pkl,3.666714668273926
11209.pkl,3.20743989944458
11236.pkl,2.9273452758789062
11237.pkl,3.379150629043579
11240.pkl,3.7143402099609375
11243.pkl,1.881549596786499
11244.pkl,1.6695886850357056
11255.pkl,3.2707815170288086
11257.pkl,2.677297353744507
11267.pkl,1.9803868532180786
11272.pkl,3.216736316680908
11283.pkl,2.8717005252838135
11289.pkl,1.7294199466705322
11293.pkl,2.584394931793213
11301.pkl,3.169898748397827
11315.pkl,3.4988012313842773
11319.pkl,3.018604278564453
11322.pkl,2.8174407482147217
11326.pkl,3.0943210124969482
11327.pkl,4.1188645362854
11328.pkl,3.4209036827087402
11338.pkl,3.8605644702911377
11347.pkl,3.4181528091430664
11351.pkl,3.2864999771118164
11362.pkl,3.782541275024414
11365.pkl,3.197361469268799
11366.pkl,3.303083896636963
11367.pkl,3.309051990509033
11373.pkl,3.07706880569458
11379.pkl,3.1272177696228027
11382.pkl,3.584637403488159
11395.pkl,2.7880215644836426
11398.pkl,2.2742276191711426
11406.pkl,4.048675060272217
11411.pkl,3.695736885070801
11415.pkl,4.847403049468994
11423.pkl,3.8701424598693848
11426.pkl,2.8325419425964355
11454.pkl,3.534270763397217
11455.pkl,1.7155601978302002
11461.pkl,2.9169719219207764
11463.pkl,4.106322288513184
11480.pkl,3.9210758209228516
11483.pkl,1.8978281021118164
11491.pkl,3.661017894744873
11494.pkl,3.165194511413574
11512.pkl,3.722095012664795
11514.pkl,3.3575897216796875
11521.pkl,3.15545654296875
11524.pkl,4.24363899230957
11525.pkl,2.9309744834899902
11529.pkl,2.006305456161499
11540.pkl,3.6683967113494873
11547.pkl,2.8628156185150146
11553.pkl,3.444586753845215
11556.pkl,3.785750150680542
11561.pkl,3.0803427696228027
11575.pkl,3.355675220489502
11576.pkl,3.821181297302246
11577.pkl,1.9806963205337524
11583.pkl,1.580745816230774
11584.pkl,3.4640069007873535
11591.pkl,3.3988161087036133
11618.pkl,3.9671854972839355
11620.pkl,3.505218505859375
11625.pkl,3.1231374740600586
11626.pkl,2.9915497303009033
11631.pkl,3.8983073234558105
11636.pkl,2.5619382858276367
11641.pkl,3.9190545082092285
11646.pkl,3.212240695953369
11649.pkl,3.4554338455200195
11653.pkl,2.9661970138549805
11658.pkl,3.009007215499878
11659.pkl,2.7799134254455566
11670.pkl,3.179476261138916
11687.pkl,3.1408824920654297
11699.pkl,3.8529486656188965
11700.pkl,4.135194778442383
11703.pkl,2.7989773750305176
11704.pkl,3.706206798553467
11710.pkl,3.418551445007324
11713.pkl,3.5909719467163086
11724.pkl,3.5230841636657715
11728.pkl,3.003006935119629
11735.pkl,4.12159538269043
11745.pkl,3.1133508682250977
11751.pkl,3.2493181228637695
11756.pkl,3.589493751525879
11761.pkl,3.2190442085266113
11777.pkl,3.050507068634033
11790.pkl,1.6986974477767944
11796.pkl,1.455666184425354
11804.pkl,2.7544188499450684
11822.pkl,2.9733047485351562
11839.pkl,3.0705983638763428
11846.pkl,3.3840150833129883
11848.pkl,4.402032852172852
11851.pkl,2.9155328273773193
11853.pkl,2.748251438140869
11861.pkl,3.0871195793151855
11871.pkl,2.4378819465637207
11873.pkl,3.4314522743225098
11874.pkl,3.5932159423828125
11876.pkl,3.9100844860076904
11878.pkl,3.1565423011779785
11889.pkl,2.380289077758789
11895.pkl,3.4535269737243652
11898.pkl,2.6356077194213867
11937.pkl,3.070842742919922
11938.pkl,2.200085401535034
11946.pkl,3.3588948249816895
11950.pkl,2.905154228210449
11953.pkl,3.1689090728759766
11955.pkl,2.9557723999023438
11967.pkl,1.936572790145874
11970.pkl,2.5190792083740234
11985.pkl,3.470290422439575
11987.pkl,2.8520469665527344
11989.pkl,1.7647757530212402
11990.pkl,2.392393112182617
11992.pkl,3.404226541519165
11996.pkl,3.732461929321289
12005.pkl,3.2790896892547607
12018.pkl,3.1318180561065674
12019.pkl,3.1157240867614746
12024.pkl,4.2072529792785645
12025.pkl,3.0175342559814453
12029.pkl,2.949916362762451
12030.pkl,3.1275181770324707
12032.pkl,3.5804171562194824
12035.pkl,3.0165586471557617
12036.pkl,3.6107065677642822
12037.pkl,3.8676204681396484
12040.pkl,3.69016695022583
12042.pkl,3.7971646785736084
12047.pkl,2.5159010887145996
12051.pkl,4.4478302001953125
12055.pkl,2.1355056762695312
12058.pkl,3.48500394821167
12059.pkl,2.976747512817383
12070.pkl,3.4219279289245605
12080.pkl,2.3876614570617676
12081.pkl,2.635361671447754
12087.pkl,3.1877756118774414
12091.pkl,3.25567626953125
12093.pkl,3.0707833766937256
12095.pkl,3.3478634357452393
12099.pkl,2.172778367996216
12138.pkl,3.173428535461426
12139.pkl,3.0628013610839844
12152.pkl,3.303771495819092
12153.pkl,3.419105291366577
12164.pkl,4.080723285675049
12165.pkl,2.8820877075195312
12171.pkl,1.6117258071899414
12185.pkl,3.6851229667663574
12189.pkl,1.8058946132659912
12197.pkl,2.83038330078125
12211.pkl,3.7613744735717773
12233.pkl,3.0734307765960693
12240.pkl,3.1155920028686523
12247.pkl,1.6020514965057373
12250.pkl,2.567030429840088
12254.pkl,4.124467849731445
12258.pkl,3.409027099609375
12264.pkl,3.7175769805908203
12269.pkl,2.379758834838867
12275.pkl,3.183241367340088
12278.pkl,2.982466697692871
12287.pkl,2.1272997856140137
12290.pkl,3.2916250228881836
12293.pkl,3.555321455001831
12294.pkl,2.2329864501953125
12295.pkl,3.2269132137298584
12304.pkl,3.172572612762451
12311.pkl,2.8318076133728027
12317.pkl,3.253389358520508
12324.pkl,3.529275417327881
12335.pkl,2.4017484188079834
12347.pkl,2.5664517879486084
12356.pkl,3.180035352706909
12361.pkl,2.687793016433716
12393.pkl,2.6997323036193848
12395.pkl,1.8506572246551514
12397.pkl,4.2825164794921875
12404.pkl,3.009921073913574
12412.pkl,1.8367640972137451
12418.pkl,3.959824562072754
12419.pkl,3.2402892112731934
12420.pkl,3.205430269241333
12429.pkl,2.489600419998169
12441.pkl,2.122007369995117
12456.pkl,1.7501578330993652
12458.pkl,2.598536491394043
12462.pkl,3.761119842529297
12466.pkl,1.8155107498168945
12470.pkl,3.2598328590393066
12478.pkl,2.939035415649414
12479.pkl,3.5453052520751953
12497.pkl,3.213747978210449
12503.pkl,2.9107043743133545
12525.pkl,2.7747809886932373
12530.pkl,2.64511775970459
12531.pkl,3.537386894226074
12556.pkl,3.937216281890869
12564.pkl,3.304227113723755
12565.pkl,3.3757667541503906
12582.pkl,3.6811389923095703
12588.pkl,1.4128423929214478
12593.pkl,2.833622455596924
12602.pkl,4.004898548126221
12604.pkl,2.7007884979248047
12609.pkl,3.1348280906677246
12613.pkl,3.8341121673583984
12614.pkl,2.9728665351867676
12623.pkl,3.0277535915374756
12624.pkl,1.75357985496521
12626.pkl,3.1565890312194824
12633.pkl,3.2547879219055176
12634.pkl,2.612274169921875
12644.pkl,3.2131810188293457
12645.pkl,3.2300572395324707
12652.pkl,2.557614326477051
12658.pkl,4.078970432281494
12661.pkl,3.151839017868042
12669.pkl,2.927675724029541
12678.pkl,2.894257068634033
12680.pkl,3.619187831878662
12681.pkl,3.6653685569763184
12683.pkl,1.6159875392913818
12684.pkl,3.2340188026428223
12685.pkl,3.0249552726745605
12692.pkl,3.090705156326294
12693.pkl,1.3388607501983643
12704.pkl,3.140876293182373
12710.pkl,2.0960686206817627
12729.pkl,3.068875789642334
12735.pkl,3.1006155014038086
12739.pkl,1.5475467443466187
12756.pkl,2.8461313247680664
12758.pkl,2.9029510021209717
12768.pkl,3.893604040145874
12770.pkl,4.097886085510254
12779.pkl,3.9788148403167725
12797.pkl,3.046694278717041
12798.pkl,3.0040717124938965
12802.pkl,1.5192084312438965
12808.pkl,2.7997937202453613
12812.pkl,3.0873475074768066
12814.pkl,4.144806861877441
12828.pkl,2.1203222274780273
12829.pkl,2.851773262023926
12836.pkl,3.2406253814697266
12844.pkl,1.4795687198638916
12864.pkl,3.3950047492980957
12868.pkl,2.1336002349853516
12879.pkl,2.9373703002929688
12882.pkl,1.6366915702819824
12902.pkl,2.603273868560791
12906.pkl,3.021178960800171
12913.pkl,3.7356886863708496
12915.pkl,3.9788358211517334
12916.pkl,3.0211915969848633
12918.pkl,3.079549789428711
12921.pkl,3.7206063270568848
12924.pkl,3.4392356872558594
12927.pkl,2.306427240371704
12932.pkl,2.9820632934570312
12937.pkl,3.5717475414276123
12945.pkl,3.465364456176758
12959.pkl,3.334876537322998
12974.pkl,3.8021979331970215
12986.pkl,3.0265326499938965
12987.pkl,4.008948802947998
12997.pkl,2.4577817916870117
13003.pkl,4.057103633880615
13005.pkl,3.9433882236480713
13009.pkl,2.717050552368164
13013.pkl,3.599592447280884
13017.pkl,2.8218493461608887
13018.pkl,3.4141876697540283
13029.pkl,2.0201668739318848
13031.pkl,2.925936222076416
13034.pkl,3.658564567565918
13040.pkl,2.12253737449646
13041.pkl,3.4845986366271973
13042.pkl,3.167978048324585
13043.pkl,2.9238576889038086
13046.pkl,2.4079387187957764
13051.pkl,3.0376899242401123
13054.pkl,1.4169851541519165
13055.pkl,2.9644532203674316
13058.pkl,3.8144989013671875
13060.pkl,2.5175933837890625
13070.pkl,3.1104750633239746
13080.pkl,4.264558792114258
13083.pkl,2.176269054412842
13096.pkl,3.115452527999878
13097.pkl,3.0741634368896484
13101.pkl,2.3662800788879395
13111.pkl,3.2748613357543945
13118.pkl,4.1951446533203125
13125.pkl,3.0852551460266113
13127.pkl,3.3692283630371094
13137.pkl,3.3648693561553955
13154.pkl,3.4648165702819824
13162.pkl,3.8108725547790527
13166.pkl,3.9978935718536377
13170.pkl,3.000643491744995
13188.pkl,3.2076282501220703
13205.pkl,3.229677677154541
13226.pkl,3.030193328857422
13228.pkl,3.4007959365844727
13236.pkl,3.3620362281799316
13237.pkl,1.8850829601287842
13253.pkl,2.6087265014648438
13259.pkl,2.679058074951172
13265.pkl,3.960911512374878
13286.pkl,3.213501453399658
13294.pkl,2.4480843544006348
13296.pkl,2.091252326965332
13302.pkl,3.0431628227233887
13307.pkl,3.0984373092651367
13316.pkl,3.321359634399414
13318.pkl,3.811565399169922
13324.pkl,1.8343591690063477
13344.pkl,3.4586758613586426
13363.pkl,1.436257243156433
13372.pkl,2.934798240661621
13373.pkl,2.6883583068847656
13374.pkl,4.49633264541626
13379.pkl,3.0641000270843506
13382.pkl,3.7921366691589355
13399.pkl,2.491068124771118
13405.pkl,4.255373001098633
13406.pkl,3.4586853981018066
13408.pkl,4.061310768127441
13409.pkl,3.444488525390625
13412.pkl,3.203155040740967
13416.pkl,3.199983596801758
13429.pkl,1.6103525161743164
13430.pkl,3.3221311569213867
13436.pkl,2.015211343765259
13437.pkl,2.328291654586792
13439.pkl,3.406822443008423
13441.pkl,1.5300402641296387
13443.pkl,2.3781232833862305
13449.pkl,1.6690722703933716
13464.pkl,1.7313334941864014
13478.pkl,2.9716780185699463
13479.pkl,2.9423274993896484
13487.pkl,3.1802501678466797
13490.pkl,3.374373435974121
13497.pkl,3.127793312072754
13504.pkl,2.4744277000427246
13507.pkl,1.689060926437378
13508.pkl,3.4716286659240723
13511.pkl,3.232713222503662
13514.pkl,2.875427007675171
13515.pkl,3.12587571144104
13516.pkl,2.8291635513305664
13519.pkl,2.993532180786133
13520.pkl,3.853793144226074
13527.pkl,3.866389274597168
13534.pkl,4.117846488952637
13538.pkl,2.5123071670532227
13549.pkl,4.090867519378662
13551.pkl,2.9823379516601562
13556.pkl,3.5437610149383545
13568.pkl,3.1507487297058105
13572.pkl,3.395151138305664
13574.pkl,3.9178929328918457
13578.pkl,2.9106338024139404
13591.pkl,1.4970378875732422
13594.pkl,3.256924867630005
13595.pkl,3.1799259185791016
13601.pkl,2.697930335998535
13612.pkl,4.145990371704102
13615.pkl,3.0291666984558105
13624.pkl,3.384290933609009
13625.pkl,3.014766216278076
13637.pkl,3.2558226585388184
13638.pkl,3.463109016418457
13644.pkl,2.8355870246887207
13654.pkl,3.142998218536377
13655.pkl,4.20961332321167
13671.pkl,1.6994028091430664
13678.pkl,3.5675158500671387
13684.pkl,3.508693218231201
13686.pkl,3.09224796295166
13692.pkl,2.839062213897705
13693.pkl,2.993861198425293
13697.pkl,1.8560266494750977
13698.pkl,3.330954074859619
13700.pkl,3.353656053543091
13711.pkl,3.219087600708008
13726.pkl,2.127378225326538
13731.pkl,3.7633633613586426
13741.pkl,3.753054618835449
13751.pkl,2.823248863220215
13753.pkl,2.6678953170776367
13759.pkl,2.9066386222839355
13766.pkl,3.3197412490844727
13773.pkl,1.9172084331512451
13777.pkl,3.0108346939086914
13784.pkl,3.358912229537964
13789.pkl,2.4032223224639893
13795.pkl,2.652231454849243
13797.pkl,3.026383876800537
13805.pkl,2.4777603149414062
13819.pkl,2.7919068336486816
13820.pkl,2.9912238121032715
13821.pkl,4.209410667419434
13823.pkl,3.1540234088897705
13827.pkl,3.658079147338867
13828.pkl,4.010104656219482
13831.pkl,2.946470260620117
13833.pkl,3.82476806640625
13835.pkl,4.287259578704834
13837.pkl,2.664375066757202
13839.pkl,4.369479179382324
13845.pkl,4.481778144836426
13855.pkl,2.488537549972534
13873.pkl,2.7613091468811035
13891.pkl,2.4054718017578125
13895.pkl,2.6082589626312256
13903.pkl,2.4756388664245605
13911.pkl,2.8913516998291016
13931.pkl,2.9548773765563965
13932.pkl,2.8613386154174805
13957.pkl,2.7302780151367188
13962.pkl,2.1198296546936035
13963.pkl,3.5942118167877197
13965.pkl,2.8956422805786133
13967.pkl,4.216376781463623
13970.pkl,3.6332778930664062
13992.pkl,2.8144567012786865
14000.pkl,3.413512945175171
14020.pkl,3.3358314037323
14021.pkl,2.923091173171997
14027.pkl,2.6116394996643066
14029.pkl,2.77948260307312
14038.pkl,3.0316414833068848
14043.pkl,2.912064552307129
14053.pkl,3.050464153289795
14057.pkl,3.006381034851074
14068.pkl,3.0192008018493652
14079.pkl,3.0984740257263184
14089.pkl,2.9527957439422607
14092.pkl,3.344944953918457
14094.pkl,2.368537664413452
14096.pkl,3.5892393589019775
14106.pkl,2.7228665351867676
14107.pkl,2.6057288646698
14110.pkl,3.108673095703125
14111.pkl,2.9745445251464844
14115.pkl,3.0202388763427734
14123.pkl,3.147059917449951
14139.pkl,3.098818063735962
14142.pkl,3.1531472206115723
14149.pkl,3.3618462085723877
14151.pkl,2.5826423168182373
14154.pkl,2.5925493240356445
14160.pkl,2.831448793411255
14162.pkl,3.3994133472442627
14170.pkl,2.8057947158813477
14171.pkl,2.642472505569458
14172.pkl,3.266378879547119
14174.pkl,2.392240047454834
14175.pkl,2.425079345703125
14184.pkl,4.285605430603027
14192.pkl,3.5529890060424805
14196.pkl,3.1745781898498535
14198.pkl,2.6854825019836426
14201.pkl,3.3791515827178955
14209.pkl,2.6378602981567383
14212.pkl,3.893592119216919
14223.pkl,3.6448559761047363
14231.pkl,3.609445571899414
14237.pkl,3.5062973499298096
14238.pkl,2.5946621894836426
14242.pkl,2.691512107849121
14248.pkl,3.795229911804199
14249.pkl,2.444441318511963
14254.pkl,2.8668212890625
14256.pkl,3.3323779106140137
14258.pkl,1.9350879192352295
14263.pkl,2.6484599113464355
14269.pkl,3.3406505584716797
14272.pkl,2.1709537506103516
14273.pkl,3.401552200317383
14289.pkl,2.779599189758301
14297.pkl,3.5695948600769043
14303.pkl,3.591029405593872
14304.pkl,3.159182548522949
14306.pkl,4.133931636810303
14307.pkl,2.19610333442688
14319.pkl,4.185165882110596
14322.pkl,3.4603261947631836
14324.pkl,3.169064998626709
14325.pkl,2.7987632751464844
14333.pkl,3.9367380142211914
14339.pkl,3.9790616035461426
14345.pkl,3.0535945892333984
14353.pkl,1.9566620588302612
14365.pkl,3.1435256004333496
14377.pkl,2.1953930854797363
14378.pkl,2.713083505630493
14385.pkl,2.7680881023406982
14394.pkl,2.61384916305542
14411.pkl,4.383537292480469
14417.pkl,3.4298582077026367
14429.pkl,3.414638042449951
14439.pkl,3.0763678550720215
14441.pkl,2.381683588027954
14442.pkl,3.5505406856536865
14446.pkl,3.5183303356170654
14448.pkl,2.6335015296936035
14453.pkl,3.575180768966675
14461.pkl,3.0616486072540283
14462.pkl,2.6178011894226074
14464.pkl,3.4530725479125977
14467.pkl,3.0433874130249023
14470.pkl,2.249906539916992
14472.pkl,4.01434326171875
14478.pkl,3.0524206161499023
14485.pkl,3.097482681274414
14487.pkl,3.0202343463897705
14491.pkl,4.738644599914551
14494.pkl,2.5024092197418213
14495.pkl,2.6983861923217773
14519.pkl,4.013814449310303
14520.pkl,3.441249370574951
14521.pkl,2.7477259635925293
14529.pkl,3.3521037101745605
14534.pkl,3.6034438610076904
14542.pkl,3.719259262084961
14548.pkl,2.2754154205322266
14562.pkl,3.050584316253662
14567.pkl,3.6790611743927
14568.pkl,2.8782870769500732
14577.pkl,2.3582873344421387
14584.pkl,3.0175676345825195
14586.pkl,3.3909060955047607
14593.pkl,3.440410614013672
14595.pkl,4.518754959106445
14596.pkl,2.7936391830444336
14602.pkl,3.3655922412872314
14605.pkl,2.7283859252929688
14608.pkl,3.1019234657287598
14616.pkl,2.140207290649414
14618.pkl,2.618563175201416
14630.pkl,3.7804675102233887
14634.pkl,2.3953211307525635
14636.pkl,3.200406074523926
14639.pkl,3.311450958251953
14643.pkl,2.485368251800537
14648.pkl,2.9167580604553223
14657.pkl,3.010286808013916
14659.pkl,3.587404251098633
14662.pkl,2.7287254333496094
14665.pkl,3.56962513923645
14688.pkl,2.8619027137756348
14693.pkl,4.0354790687561035
14701.pkl,3.4467010498046875
14722.pkl,3.706256866455078
14726.pkl,3.319737672805786
14729.pkl,3.464669704437256
14734.pkl,3.390727996826172
14742.pkl,2.5835766792297363
14754.pkl,2.482820987701416
14755.pkl,3.3124332427978516
14756.pkl,2.58371639251709
14757.pkl,2.7534303665161133
14760.pkl,4.22142219543457
14770.pkl,2.721968650817871
14787.pkl,2.5927913188934326
14788.pkl,3.563777208328247
14791.pkl,3.3673439025878906
14800.pkl,2.959318161010742
14803.pkl,2.9451136589050293
14806.pkl,3.2293787002563477
14810.pkl,3.2730765342712402
14827.pkl,2.3198745250701904
14828.pkl,2.921703577041626
14837.pkl,2.948099374771118
14857.pkl,3.541611671447754
14868.pkl,3.6467533111572266
14882.pkl,2.9497509002685547
14891.pkl,3.4034931659698486
14898.pkl,3.8231120109558105
14939.pkl,3.6227986812591553
14942.pkl,3.1498470306396484
14954.pkl,2.7289676666259766
14973.pkl,2.191450357437134
14976.pkl,2.3691368103027344
14982.pkl,3.9275083541870117
14986.pkl,3.564276695251465
14988.pkl,3.403841972351074
15000.pkl,2.593068838119507
15006.pkl,2.7116246223449707
15018.pkl,4.549273490905762
15020.pkl,3.4374258518218994
15028.pkl,3.2101383209228516
15031.pkl,3.06391978263855
15032.pkl,3.203906774520874
15033.pkl,2.5999350547790527
15036.pkl,2.9947292804718018
15038.pkl,3.6609694957733154
15045.pkl,3.3222882747650146
15053.pkl,3.5375816822052
15062.pkl,3.4903297424316406
15063.pkl,4.631601333618164
15068.pkl,2.3557825088500977
15095.pkl,3.5487141609191895
15097.pkl,3.3323116302490234
15098.pkl,3.291466236114502
15099.pkl,2.735898971557617
15107.pkl,3.102041244506836
15108.pkl,3.273538827896118
15122.pkl,3.8928823471069336
15127.pkl,3.046034812927246
15157.pkl,3.516671657562256
15158.pkl,3.302500009536743
15168.pkl,3.120218276977539
15169.pkl,3.048708915710449
15172.pkl,2.894529342651367
15176.pkl,2.878140449523926
15178.pkl,2.5531628131866455
15185.pkl,2.198390007019043
15189.pkl,2.7478389739990234
15190.pkl,3.04267954826355
15201.pkl,2.72542142868042
15205.pkl,2.9832987785339355
15206.pkl,2.6863932609558105
15214.pkl,3.975947380065918
15227.pkl,2.7713518142700195
15229.pkl,3.346761703491211
15236.pkl,2.7571487426757812
15237.pkl,2.9031481742858887
15239.pkl,3.0674514770507812
15252.pkl,3.8216986656188965
15253.pkl,4.34317684173584
15255.pkl,3.5451889038085938
15264.pkl,2.6463351249694824
15265.pkl,4.2331719398498535
15298.pkl,2.4118778705596924
15304.pkl,2.9908030033111572
15320.pkl,2.0504262447357178
15344.pkl,2.756415367126465
15355.pkl,3.377631664276123
15360.pkl,3.2280731201171875
15367.pkl,3.296334981918335
15370.pkl,2.694523811340332
15375.pkl,3.9181063175201416
15377.pkl,2.9993224143981934
15396.pkl,3.9978599548339844
15397.pkl,3.3826050758361816
15399.pkl,3.2170915603637695
15407.pkl,1.938201665878296
15412.pkl,2.8821537494659424
15423.pkl,3.109839677810669
15424.pkl,2.8610191345214844
15427.pkl,2.2185184955596924
15431.pkl,2.748708724975586
15432.pkl,3.536700963973999
15435.pkl,3.53536319732666
15440.pkl,2.440595865249634
15447.pkl,2.7589797973632812
15454.pkl,3.3794684410095215
15475.pkl,3.183042049407959
15477.pkl,2.659473419189453
15481.pkl,3.9779136180877686
15484.pkl,3.7336740493774414
15493.pkl,3.3236589431762695
15520.pkl,3.0616331100463867
15523.pkl,3.644423723220825
15540.pkl,3.3128902912139893
15542.pkl,3.0997519493103027
15543.pkl,2.7761337757110596
15549.pkl,2.8857576847076416
15555.pkl,2.839442729949951
15560.pkl,3.8407654762268066
15562.pkl,3.4974565505981445
15582.pkl,4.221755027770996
15590.pkl,2.8717026710510254
15596.pkl,1.5807271003723145
15597.pkl,3.543046474456787
15604.pkl,3.3647732734680176
15606.pkl,2.6826109886169434
15616.pkl,2.990802526473999
15620.pkl,3.2112488746643066
15646.pkl,2.670144557952881
15653.pkl,2.9546031951904297
15661.pkl,2.975029706954956
15672.pkl,2.4550247192382812
15675.pkl,3.404806137084961
15678.pkl,3.468325614929199
15680.pkl,3.4538865089416504
15682.pkl,3.184757709503174
15691.pkl,2.4167613983154297
15695.pkl,4.189417362213135
15700.pkl,3.57763671875
15707.pkl,2.437964916229248
15726.pkl,2.305682420730591
15743.pkl,2.787489414215088
15752.pkl,3.6896162033081055
15760.pkl,2.903770685195923
15761.pkl,2.469733476638794
15767.pkl,3.210860252380371
15771.pkl,3.181692600250244
15793.pkl,3.9648280143737793
15800.pkl,2.7997312545776367
15801.pkl,2.644430160522461
15809.pkl,4.0049614906311035
15839.pkl,3.3529887199401855
15840.pkl,2.4632925987243652
15849.pkl,3.4326412677764893
15855.pkl,2.848720073699951
15856.pkl,1.818010687828064
15862.pkl,3.3538167476654053
15868.pkl,3.689007043838501
15872.pkl,3.4039130210876465
15885.pkl,3.3173861503601074
15886.pkl,2.9694812297821045
15892.pkl,2.251227855682373
15898.pkl,2.731731414794922
15901.pkl,3.8666279315948486
15903.pkl,3.7388803958892822
15907.pkl,3.677135467529297
15913.pkl,3.610285520553589
15918.pkl,2.7848100662231445
15922.pkl,3.181030750274658
15937.pkl,4.468595504760742
15941.pkl,2.5637125968933105
15961.pkl,4.034475803375244
15969.pkl,2.74074649810791
15976.pkl,3.030611991882324
15990.pkl,3.2146902084350586
16009.pkl,3.211221694946289
16029.pkl,4.24696159362793
16031.pkl,3.956258535385132
16044.pkl,3.694042444229126
16060.pkl,3.2025604248046875
16064.pkl,4.076173782348633
16071.pkl,2.8118832111358643
16075.pkl,2.676182270050049
16079.pkl,3.20208740234375
16086.pkl,4.267167568206787
16089.pkl,2.9521145820617676
16094.pkl,2.981102466583252
16096.pkl,3.518080234527588
16098.pkl,3.1856908798217773
16101.pkl,2.7346179485321045
16102.pkl,2.7660768032073975
16104.pkl,2.7587313652038574
16105.pkl,3.1632325649261475
16116.pkl,2.8553085327148438
16119.pkl,3.0754523277282715
16120.pkl,4.000541687011719
16121.pkl,3.0350446701049805
16124.pkl,2.7561488151550293
16125.pkl,3.3140065670013428
16168.pkl,2.704710006713867
16181.pkl,3.228290319442749
16187.pkl,3.268840789794922
16204.pkl,3.548609972000122
16208.pkl,3.190896987915039
16210.pkl,2.8734867572784424
16213.pkl,4.030877113342285
16220.pkl,2.8419575691223145
16243.pkl,3.9814300537109375
16281.pkl,3.6145687103271484
16285.pkl,2.4999191761016846
16286.pkl,2.9503870010375977
16294.pkl,2.60494327545166
16298.pkl,2.6383438110351562
16305.pkl,2.682034969329834
16306.pkl,2.5975966453552246
16310.pkl,2.519589900970459
16312.pkl,2.4099974632263184
16318.pkl,2.6916356086730957
16324.pkl,2.914917469024658
16342.pkl,4.289294242858887
16349.pkl,2.850337505340576
16358.pkl,2.536088228225708
16367.pkl,3.915748119354248
16368.pkl,2.7822048664093018
16371.pkl,2.938502788543701
16384.pkl,3.3230648040771484
16407.pkl,3.8005974292755127
16416.pkl,2.1938042640686035
16420.pkl,2.536106586456299
16426.pkl,1.9403965473175049
16443.pkl,3.120270013809204
16447.pkl,3.2730698585510254
16448.pkl,2.5451407432556152
16459.pkl,3.210085391998291
16466.pkl,2.6822991371154785
16473.pkl,3.2020204067230225
16496.pkl,2.7160515785217285
16516.pkl,2.729001522064209
16517.pkl,2.7422256469726562
16520.pkl,2.6387901306152344
16525.pkl,2.7680435180664062
16539.pkl,3.4768543243408203
16546.pkl,3.9389379024505615
16552.pkl,2.7646732330322266
16562.pkl,2.970060348510742
16565.pkl,3.623330593109131
16568.pkl,3.4731497764587402
16579.pkl,3.331012725830078
16584.pkl,1.8618924617767334
16586.pkl,2.288145065307617
16593.pkl,2.970548391342163
16600.pkl,3.9630117416381836
16604.pkl,2.5314345359802246
16611.pkl,3.08648681640625
16614.pkl,3.2426323890686035
16619.pkl,3.9061334133148193
16620.pkl,3.230614185333252
16624.pkl,2.3521389961242676
16626.pkl,3.00409197807312
16627.pkl,3.2148003578186035
16636.pkl,3.0585124492645264
16639.pkl,2.3592758178710938
16642.pkl,3.2811384201049805
16648.pkl,3.049905776977539
16665.pkl,3.1133151054382324
16681.pkl,3.6172966957092285
16683.pkl,3.324370861053467
16684.pkl,4.623440265655518
16686.pkl,3.4065182209014893
16696.pkl,3.7232189178466797
16733.pkl,3.639436960220337
16735.pkl,2.7951552867889404
16746.pkl,2.887176990509033
16747.pkl,3.4048843383789062
16754.pkl,3.2383460998535156
16758.pkl,4.279488563537598
16762.pkl,3.910832405090332
16773.pkl,3.2136781215667725
16777.pkl,3.5064516067504883
16798.pkl,4.2024946212768555
16801.pkl,2.9569995403289795
16820.pkl,2.795924186706543
16839.pkl,4.6703643798828125
16848.pkl,3.882282018661499
16854.pkl,3.771524667739868
16867.pkl,2.982175350189209
16872.pkl,3.7097420692443848
16877.pkl,3.3922243118286133
16880.pkl,3.303523540496826
16886.pkl,2.0203840732574463
16894.pkl,2.6813855171203613
16901.pkl,2.943434476852417
16903.pkl,3.3031351566314697
16910.pkl,3.4779486656188965
16911.pkl,3.2953109741210938
16912.pkl,2.8357338905334473
16914.pkl,3.194956064224243
16920.pkl,3.2525765895843506
16922.pkl,3.2246437072753906
16930.pkl,2.663857936859131
16935.pkl,2.975491523742676
16938.pkl,2.808320999145508
16953.pkl,3.2519140243530273
16985.pkl,2.7538232803344727
16986.pkl,3.2523603439331055
16996.pkl,2.2413363456726074
17008.pkl,2.532938003540039
17015.pkl,2.4833498001098633
17018.pkl,4.154964447021484
17023.pkl,3.6035051345825195
17031.pkl,3.3323490619659424
17041.pkl,4.401331424713135
17052.pkl,2.9746904373168945
17059.pkl,2.228607177734375
17068.pkl,3.7097890377044678
17071.pkl,2.550601005554199
17077.pkl,2.984896183013916
17085.pkl,2.8036701679229736
17095.pkl,4.237859725952148
17102.pkl,1.6512092351913452
17105.pkl,2.876296043395996
17125.pkl,3.2399330139160156
17127.pkl,3.5564792156219482
17128.pkl,2.287324905395508
17129.pkl,3.7234840393066406
17131.pkl,3.2025437355041504
17143.pkl,3.560244560241699
17149.pkl,4.185113430023193
17163.pkl,2.3062400817871094
17166.pkl,3.538464069366455
17170.pkl,4.18358850479126
17173.pkl,2.8697128295898438
17178.pkl,2.200584650039673
17180.pkl,3.1428382396698
17188.pkl,3.479471206665039
17189.pkl,2.953232526779175
17197.pkl,4.3796796798706055
17201.pkl,3.4242401123046875
17209.pkl,3.4602341651916504
17212.pkl,3.1573033332824707
17214.pkl,3.5191876888275146
17221.pkl,3.2651774883270264
17229.pkl,3.1120405197143555
17230.pkl,3.7237579822540283
17233.pkl,2.7717459201812744
17235.pkl,2.8635663986206055
17236.pkl,2.7592668533325195
17238.pkl,2.7361910343170166
17241.pkl,3.7194714546203613
17250.pkl,3.284583568572998
17258.pkl,2.80954909324646
17260.pkl,2.917491912841797
17263.pkl,4.34494686126709
17280.pkl,2.1427805423736572
17281.pkl,3.520378828048706
17283.pkl,2.4307947158813477
17291.pkl,2.9092235565185547
17293.pkl,3.549792766571045
17297.pkl,3.1435508728027344
17323.pkl,2.6611857414245605
17330.pkl,3.2698826789855957
17333.pkl,2.8930063247680664
17338.pkl,3.4111056327819824
17340.pkl,3.7427825927734375
17342.pkl,3.702817440032959
17344.pkl,2.974226474761963
17346.pkl,2.9743077754974365
17348.pkl,3.712646484375
17375.pkl,4.059221267700195
17379.pkl,3.534635543823242
17380.pkl,2.4161858558654785
17381.pkl,3.479309558868408
17386.pkl,3.5241613388061523
17408.pkl,2.757709503173828
17411.pkl,3.1725077629089355
17412.pkl,3.133045196533203
17413.pkl,3.1621241569519043
17421.pkl,2.2203962802886963
17436.pkl,2.968330144882202
17458.pkl,5.38028621673584
17465.pkl,2.2089695930480957
17482.pkl,3.070786952972412
17491.pkl,2.709838628768921
17515.pkl,3.8605172634124756
17521.pkl,3.7195448875427246
17526.pkl,3.1464009284973145
17528.pkl,2.5221805572509766
17539.pkl,2.667161464691162
17551.pkl,2.949901819229126
17556.pkl,3.356450080871582
17557.pkl,2.4626829624176025
17559.pkl,2.787201404571533
17561.pkl,3.6286778450012207
17569.pkl,3.2957773208618164
17578.pkl,2.823348045349121
17579.pkl,3.7762863636016846
17580.pkl,3.0710716247558594
17592.pkl,2.8170673847198486
17606.pkl,2.474024772644043
17607.pkl,3.294260263442993
17608.pkl,3.330458164215088
17618.pkl,3.4668736457824707
17631.pkl,2.241000175476074
17632.pkl,3.041512966156006
17643.pkl,2.974177837371826
17652.pkl,3.5329535007476807
17657.pkl,3.1084532737731934
17659.pkl,3.116180658340454
17660.pkl,3.0163583755493164
17667.pkl,3.3275363445281982
17672.pkl,3.2328670024871826
17674.pkl,2.8185572624206543
17678.pkl,3.4187428951263428
17685.pkl,4.176711082458496
17691.pkl,2.83394193649292
17696.pkl,3.2370247840881348
17699.pkl,2.898932456970215
17700.pkl,2.64113712310791
17702.pkl,2.5888235569000244
17703.pkl,2.821229934692383
17713.pkl,3.2756524085998535
17723.pkl,4.493317127227783
17726.pkl,3.4364283084869385
17733.pkl,2.4248530864715576
17737.pkl,3.7060487270355225
17738.pkl,3.035996437072754
17746.pkl,2.930232286453247
17750.pkl,3.4497032165527344
17756.pkl,3.965712547302246
17771.pkl,2.3472542762756348
17775.pkl,3.70735239982605
17779.pkl,3.060035228729248
17783.pkl,4.297876358032227
17784.pkl,2.9840362071990967
17786.pkl,3.3330063819885254
17789.pkl,3.9726266860961914
17805.pkl,2.473606586456299
17821.pkl,3.8494482040405273
17824.pkl,2.31620717048645
17837.pkl,4.219803333282471
17841.pkl,2.9947493076324463
17843.pkl,3.8348541259765625
17849.pkl,4.185961723327637
17868.pkl,3.5181920528411865
17873.pkl,3.5709421634674072
17895.pkl,2.160212516784668
17906.pkl,2.605769395828247
17915.pkl,3.6825613975524902
17922.pkl,4.391295909881592
17924.pkl,3.084406852722168
17933.pkl,3.1724042892456055
17934.pkl,1.6849424839019775
17936.pkl,4.571325302124023
17944.pkl,2.8362832069396973
17952.pkl,3.2284181118011475
17959.pkl,3.2783877849578857
17960.pkl,2.586644411087036
17963.pkl,3.5116114616394043
17970.pkl,4.01427698135376
17971.pkl,2.8766069412231445
17983.pkl,3.4061903953552246
17985.pkl,3.6412832736968994
17990.pkl,3.041912078857422
17998.pkl,2.711754083633423
18002.pkl,3.508023977279663
18005.pkl,2.057072162628174
18011.pkl,4.037680625915527
18016.pkl,2.647368907928467
18020.pkl,3.5476737022399902
18025.pkl,3.0808987617492676
18026.pkl,3.064042091369629
18027.pkl,3.2156496047973633
18028.pkl,3.0688490867614746
18032.pkl,3.033130645751953
18039.pkl,3.0250344276428223
18050.pkl,3.2641148567199707
18055.pkl,2.74981689453125
18063.pkl,3.269832134246826
18066.pkl,3.507103443145752
18070.pkl,3.3608288764953613
18076.pkl,2.250624179840088
18078.pkl,2.6681461334228516
18085.pkl,3.4275035858154297
18109.pkl,3.134272575378418
18113.pkl,3.9988014698028564
18121.pkl,2.6600868701934814
18123.pkl,2.8041234016418457
18145.pkl,2.1431846618652344
18147.pkl,4.377476692199707
18156.pkl,3.301239013671875
18158.pkl,2.891070604324341
18163.pkl,3.4732112884521484
18168.pkl,3.286370277404785
18185.pkl,2.738779067993164
18187.pkl,2.638329267501831
18194.pkl,3.393126964569092
18198.pkl,3.5892515182495117
18199.pkl,3.4916961193084717
18200.pkl,2.7012805938720703
18210.pkl,2.932866334915161
18214.pkl,2.999368667602539
18215.pkl,3.3878517150878906
18231.pkl,3.313392162322998
18234.pkl,4.662607192993164
18243.pkl,4.127921104431152
18244.pkl,3.1843490600585938
18253.pkl,3.435317039489746
18259.pkl,1.6996138095855713
18267.pkl,3.0189216136932373
18276.pkl,4.24613094329834
18278.pkl,2.03499698638916
18282.pkl,3.146190643310547
18283.pkl,3.2131967544555664
18287.pkl,3.911276340484619
18323.pkl,2.7027668952941895
18332.pkl,4.436994552612305
18333.pkl,3.2238478660583496
18336.pkl,2.813174247741699
18350.pkl,2.620527744293213
18364.pkl,3.309617519378662
18366.pkl,2.592355728149414
18367.pkl,3.2141921520233154
18370.pkl,3.102748394012451
18378.pkl,2.7052438259124756
18405.pkl,2.7331509590148926
18406.pkl,3.0435285568237305
18417.pkl,3.100768566131592
18420.pkl,2.4871668815612793
18422.pkl,2.3660402297973633
18423.pkl,2.9491257667541504
18424.pkl,3.16684627532959
18433.pkl,4.425040245056152
18436.pkl,2.719531774520874
18440.pkl,3.495452880859375
18449.pkl,3.1727113723754883
18451.pkl,3.0813984870910645
18461.pkl,3.0371546745300293
18465.pkl,3.5380477905273438
18487.pkl,3.4964113235473633
18490.pkl,3.4584317207336426
18491.pkl,3.5144736766815186
18501.pkl,2.429401397705078
18507.pkl,3.153470039367676
18513.pkl,3.0410923957824707
18524.pkl,2.9718103408813477
18535.pkl,3.324453830718994
18546.pkl,3.0972366333007812
18550.pkl,3.044377326965332
18553.pkl,3.2452523708343506
18555.pkl,2.8268585205078125
18557.pkl,3.4166176319122314
18563.pkl,4.692483901977539
18566.pkl,2.9063315391540527
18573.pkl,3.500643253326416
18587.pkl,2.4450087547302246
18591.pkl,4.343287467956543
18601.pkl,3.1204211711883545
18604.pkl,2.9045462608337402
18608.pkl,3.256378650665283
18617.pkl,2.4350738525390625
18621.pkl,3.195645809173584
18622.pkl,2.65000581741333
18636.pkl,3.2662301063537598
18642.pkl,3.9785232543945312
18645.pkl,3.9496994018554688
18652.pkl,2.93979549407959
18672.pkl,3.555673122406006
18674.pkl,2.6265532970428467
18684.pkl,3.241270065307617
18688.pkl,2.4990572929382324
18692.pkl,3.5518689155578613
18693.pkl,3.060667037963867
18702.pkl,2.432507038116455
18703.pkl,2.714020013809204
18709.pkl,3.903860092163086
18714.pkl,2.965961456298828
18716.pkl,2.108713388442993
18717.pkl,3.0545969009399414
18719.pkl,2.731968879699707
18722.pkl,3.151773452758789
18730.pkl,2.2728638648986816
18732.pkl,3.078059434890747
18753.pkl,2.6385796070098877
18766.pkl,2.676351308822632
18769.pkl,3.003342628479004
18788.pkl,3.231780767440796
18798.pkl,2.831479549407959
18803.pkl,3.1296064853668213
18804.pkl,3.4320945739746094
18816.pkl,3.310321569442749
18821.pkl,3.741252899169922
18828.pkl,2.6509342193603516
18838.pkl,2.191470146179199
18841.pkl,2.9356017112731934
18845.pkl,3.456732749938965
18851.pkl,3.194653034210205
18852.pkl,3.2379088401794434
18863.pkl,1.6178630590438843
18867.pkl,2.8226795196533203
18869.pkl,3.0886919498443604
18871.pkl,3.3650527000427246
18873.pkl,3.7622785568237305
18875.pkl,2.664170742034912
18880.pkl,4.509387016296387
18884.pkl,2.1976537704467773
18892.pkl,3.5378172397613525
18896.pkl,2.7202470302581787
18900.pkl,2.6674280166625977
18904.pkl,2.6298789978027344
18910.pkl,4.3997111320495605
18919.pkl,2.9947099685668945
18922.pkl,3.10518479347229
18924.pkl,3.4844255447387695
18932.pkl,4.040370464324951
18938.pkl,3.1588165760040283
18940.pkl,3.4499154090881348
18947.pkl,3.184593915939331
18949.pkl,3.0073676109313965
18956.pkl,2.9343502521514893
18971.pkl,2.8193905353546143
18980.pkl,3.225795269012451
18988.pkl,2.9310855865478516
18994.pkl,3.4269981384277344
19003.pkl,3.2615959644317627
19006.pkl,2.2108781337738037
19009.pkl,3.2079811096191406
19010.pkl,2.884612560272217
19015.pkl,3.4630491733551025
19033.pkl,3.1528890132904053
19049.pkl,4.094751834869385
19052.pkl,3.0840539932250977
19054.pkl,2.7041244506835938
19059.pkl,3.339038610458374
19060.pkl,3.551995277404785
19071.pkl,3.5763092041015625
19077.pkl,2.8302249908447266
19080.pkl,5.015548229217529
19096.pkl,3.6667661666870117
19104.pkl,3.644937753677368
19107.pkl,3.2781810760498047
19117.pkl,2.996405839920044
19127.pkl,2.9066951274871826
19130.pkl,3.6617934703826904
19135.pkl,4.1544599533081055
19136.pkl,3.3731818199157715
19142.pkl,2.767960786819458
19143.pkl,3.324172019958496
19145.pkl,2.6179213523864746
19147.pkl,2.6760222911834717
19148.pkl,3.2609596252441406
19173.pkl,4.185332298278809
19189.pkl,2.538137435913086
19193.pkl,3.9964263439178467
19234.pkl,3.2979187965393066
19236.pkl,3.1108500957489014
19237.pkl,3.9843881130218506
19242.pkl,3.3878040313720703
19244.pkl,3.100113868713379
19288.pkl,3.555938720703125
19302.pkl,4.44412899017334
19305.pkl,2.727515935897827
19309.pkl,2.642115592956543
19317.pkl,2.4232702255249023
19318.pkl,2.5868189334869385
19320.pkl,2.9929637908935547
19322.pkl,4.00180196762085
19327.pkl,3.350147247314453
19330.pkl,2.9268569946289062
19339.pkl,2.509632110595703
19344.pkl,3.0057945251464844
19351.pkl,3.1628472805023193
19353.pkl,2.6633903980255127
19360.pkl,3.8211774826049805
19382.pkl,3.1537137031555176
19383.pkl,3.394468307495117
19388.pkl,3.149365186691284
19397.pkl,2.7516417503356934
19399.pkl,3.222571849822998
19436.pkl,2.721794366836548
19445.pkl,2.985252618789673
19451.pkl,3.036543369293213
19453.pkl,3.0016162395477295
19471.pkl,2.6688690185546875
19472.pkl,3.0873186588287354
19474.pkl,2.9234299659729004
19481.pkl,2.5698299407958984
19491.pkl,3.6797752380371094
19514.pkl,2.6809000968933105
19516.pkl,2.298717737197876
19521.pkl,2.8971619606018066
19526.pkl,3.9814085960388184
19527.pkl,2.916718006134033
19550.pkl,4.152716636657715
19552.pkl,3.31052303314209
19570.pkl,3.9972686767578125
19576.pkl,3.3537182807922363
19586.pkl,3.682861328125
19588.pkl,2.786116123199463
19595.pkl,2.1238226890563965
19597.pkl,3.9461984634399414
19604.pkl,3.0615005493164062
19610.pkl,3.7382771968841553
19615.pkl,3.413455009460449
19634.pkl,2.384949207305908
19635.pkl,2.7162153720855713
19639.pkl,2.7953453063964844
19640.pkl,4.123101234436035
19641.pkl,2.872725009918213
19642.pkl,3.3844752311706543
19654.pkl,3.1265552043914795
19659.pkl,3.862244129180908
19665.pkl,3.7876083850860596
19670.pkl,2.9124245643615723
19685.pkl,3.0569233894348145
19689.pkl,2.630411148071289
19699.pkl,3.573482036590576
19704.pkl,2.6289498805999756
19708.pkl,2.800103187561035
19711.pkl,3.1357638835906982
19720.pkl,3.029611587524414
19734.pkl,2.857081413269043
19739.pkl,3.0215606689453125
19743.pkl,3.654691219329834
19753.pkl,3.56402587890625
19754.pkl,2.734099864959717
19760.pkl,3.053964138031006
19777.pkl,2.999173641204834
19778.pkl,3.0404717922210693
19784.pkl,3.5160715579986572
19793.pkl,2.7428526878356934
19823.pkl,3.0376505851745605
19825.pkl,3.1850152015686035
19827.pkl,2.9534153938293457
19865.pkl,3.8330211639404297
19878.pkl,2.871591091156006
19882.pkl,3.473330020904541
19894.pkl,3.7460484504699707
19902.pkl,2.264755964279175
19913.pkl,2.4450578689575195
19928.pkl,2.8491604328155518
19929.pkl,3.38322114944458
19934.pkl,2.6210970878601074
19941.pkl,2.090601921081543
19943.pkl,2.7234292030334473
19957.pkl,2.7037925720214844
19958.pkl,4.35309362411499
19959.pkl,3.112715244293213
19968.pkl,2.3372764587402344
19977.pkl,2.8688182830810547
19980.pkl,2.941005229949951
19999.pkl,3.5089855194091797
20006.pkl,2.86989426612854
20012.pkl,3.5222010612487793
20018.pkl,3.146364212036133
20030.pkl,2.5449719429016113
20031.pkl,2.75007700920105
20041.pkl,2.546205997467041
20051.pkl,3.433401107788086
20056.pkl,2.2425668239593506
20075.pkl,3.086021900177002
20092.pkl,2.452197790145874
20097.pkl,3.0720877647399902
20109.pkl,3.4303841590881348
20112.pkl,3.1575610637664795
20113.pkl,3.1940712928771973
20128.pkl,3.146494150161743
20130.pkl,2.9006128311157227
20137.pkl,3.118338108062744
20170.pkl,2.919045925140381
20177.pkl,3.021916151046753
20180.pkl,3.6835455894470215
20187.pkl,2.441770553588867
20194.pkl,2.782047986984253
20198.pkl,3.470470428466797
20203.pkl,3.2712626457214355
20208.pkl,3.5156707763671875
20214.pkl,3.440767526626587
20215.pkl,3.318782329559326
20227.pkl,3.4677114486694336
20240.pkl,3.932642936706543
20242.pkl,2.6627345085144043
20254.pkl,3.4426169395446777
20258.pkl,4.080508232116699
20262.pkl,1.9799902439117432
20264.pkl,2.1447832584381104
20265.pkl,3.0730087757110596
20282.pkl,3.5633840560913086
20285.pkl,3.1305103302001953
20287.pkl,3.068603992462158
20300.pkl,2.961097240447998
20304.pkl,2.4218013286590576
20318.pkl,2.782017469406128
20321.pkl,4.23922061920166
20326.pkl,2.8504650592803955
20329.pkl,3.5731043815612793
20334.pkl,2.6924140453338623
20337.pkl,3.327376365661621
20354.pkl,2.90451717376709
20363.pkl,2.423553943634033
20365.pkl,4.409210205078125
20377.pkl,3.3051719665527344
20387.pkl,3.9242825508117676
20401.pkl,2.8837475776672363
20403.pkl,3.5488696098327637
20404.pkl,4.190946578979492
20420.pkl,2.3463029861450195
20421.pkl,3.083690643310547
20443.pkl,2.4872000217437744
20444.pkl,3.0829901695251465
20458.pkl,3.3049609661102295
20474.pkl,2.749105930328369
20484.pkl,2.8675057888031006
20491.pkl,2.7020015716552734
20501.pkl,2.5914511680603027
20503.pkl,1.8149449825286865
20512.pkl,2.379021644592285
20515.pkl,2.2270748615264893
20525.pkl,2.8988869190216064
20539.pkl,3.036149024963379
20547.pkl,2.810547351837158
20550.pkl,2.6647591590881348
20557.pkl,2.566704511642456
20565.pkl,3.5860393047332764
20567.pkl,4.153865337371826
20570.pkl,3.739914894104004
20577.pkl,3.3454508781433105
20588.pkl,2.83317494392395
20603.pkl,3.202122449874878
20607.pkl,2.876382350921631
20615.pkl,3.4771523475646973
20621.pkl,3.1455624103546143
20622.pkl,3.496955394744873
20623.pkl,3.51245379447937
20637.pkl,2.995175838470459
20648.pkl,2.0277397632598877
20649.pkl,3.010134696960449
20653.pkl,3.378060817718506
20661.pkl,3.22383975982666
20666.pkl,3.2041587829589844
20671.pkl,2.6922950744628906
20675.pkl,2.7470169067382812
20677.pkl,2.7500414848327637
20678.pkl,2.7496540546417236
20679.pkl,2.54252290725708
20697.pkl,3.255194664001465
20704.pkl,2.5010886192321777
20709.pkl,2.9064831733703613
20711.pkl,2.5110080242156982
20712.pkl,2.9578609466552734
20714.pkl,3.701834201812744
20723.pkl,3.769775152206421
20734.pkl,3.3496975898742676
20737.pkl,2.016448736190796
20748.pkl,3.487178325653076
20768.pkl,2.649611711502075
20769.pkl,2.8136138916015625
20773.pkl,3.1820566654205322
20775.pkl,3.541259765625
20789.pkl,3.1732358932495117
20790.pkl,2.999382257461548
20795.pkl,2.8538336753845215
20797.pkl,3.9881591796875
20799.pkl,2.8619797229766846
20810.pkl,3.0799221992492676
20816.pkl,3.5300369262695312
20817.pkl,3.5925941467285156
20822.pkl,2.7570724487304688
20824.pkl,2.817777156829834
20827.pkl,2.9391121864318848
20840.pkl,4.084598064422607
20857.pkl,2.867912769317627
20858.pkl,3.459385871887207
20865.pkl,3.2019600868225098
20866.pkl,3.038191080093384
20867.pkl,2.12229061126709
20874.pkl,3.2894885540008545
20876.pkl,3.1039979457855225
20882.pkl,3.180339813232422
20888.pkl,2.922515392303467
20892.pkl,3.8635029792785645
20893.pkl,3.1301300525665283
20894.pkl,2.7982301712036133
20897.pkl,2.969142436981201
20899.pkl,3.0216383934020996
20904.pkl,3.0564284324645996
20907.pkl,3.5802669525146484
20911.pkl,3.4216442108154297
20920.pkl,3.36594557762146
20921.pkl,4.067861080169678
20928.pkl,2.898897409439087
20929.pkl,3.450854778289795
20951.pkl,2.876206398010254
20966.pkl,2.9682137966156006
20970.pkl,3.566059112548828
20980.pkl,3.555924892425537
20997.pkl,3.66768741607666
20998.pkl,3.019604444503784
21001.pkl,2.8988475799560547
21004.pkl,2.3806495666503906
21007.pkl,2.959808349609375
21008.pkl,3.857212543487549
21013.pkl,3.204120397567749
21014.pkl,3.0173420906066895
21026.pkl,2.2602672576904297
21027.pkl,3.537492036819458
21040.pkl,3.388235092163086
21042.pkl,4.090889930725098
21062.pkl,4.681527137756348
21063.pkl,2.74631929397583
21066.pkl,2.814810037612915
21070.pkl,3.4555368423461914
21071.pkl,3.328049421310425
21084.pkl,4.488465309143066
21086.pkl,2.3763818740844727
21089.pkl,3.083056688308716
21100.pkl,2.5984420776367188
21101.pkl,2.3656201362609863
21111.pkl,2.7719361782073975
21114.pkl,3.3788931369781494
21116.pkl,3.2600865364074707
21117.pkl,4.323460578918457
21125.pkl,2.920675277709961
21126.pkl,3.677213668823242
21130.pkl,3.379141330718994
21131.pkl,4.1788458824157715
21132.pkl,4.118135452270508
21138.pkl,3.89578914642334
21141.pkl,2.8206284046173096
21144.pkl,3.2280306816101074
21145.pkl,4.3945088386535645
21148.pkl,4.231046676635742
21156.pkl,2.487175703048706
21165.pkl,2.1838903427124023
21167.pkl,2.949411630630493
21185.pkl,2.7300243377685547
21197.pkl,3.8333611488342285
21201.pkl,3.885417938232422
21203.pkl,4.138813018798828
21208.pkl,3.468414545059204
21212.pkl,2.910870313644409
21215.pkl,2.7501511573791504
21216.pkl,2.427335262298584
21218.pkl,3.5901739597320557
21231.pkl,3.613301992416382
21240.pkl,3.909818172454834
21255.pkl,3.395019769668579
21257.pkl,2.6828596591949463
21261.pkl,3.263101816177368
21277.pkl,3.275684118270874
21278.pkl,3.7749383449554443
21282.pkl,3.876648426055908
21284.pkl,3.3186442852020264
21301.pkl,3.3175899982452393
21302.pkl,3.63223934173584
21309.pkl,3.0535688400268555
21315.pkl,3.1991569995880127
21328.pkl,3.2229208946228027
21332.pkl,3.4409217834472656
21333.pkl,4.431980133056641
21354.pkl,2.851459503173828
21355.pkl,3.0412774085998535
21356.pkl,2.5169854164123535
21357.pkl,2.296570062637329
21358.pkl,3.537057876586914
21380.pkl,2.3876895904541016
21382.pkl,4.7265520095825195
21413.pkl,3.6487669944763184
21414.pkl,3.6220645904541016
21415.pkl,3.356942653656006
21416.pkl,2.30576491355896
21424.pkl,2.284966468811035
21429.pkl,3.258596897125244
21445.pkl,3.284467935562134
21447.pkl,3.1681203842163086
21448.pkl,2.7192296981811523
21458.pkl,3.4405670166015625
21466.pkl,3.45865535736084
21490.pkl,2.0695371627807617
21499.pkl,2.0806264877319336
21500.pkl,3.1650123596191406
21506.pkl,3.084165334701538
21511.pkl,2.901937961578369
21513.pkl,3.0564708709716797
21516.pkl,3.1910691261291504
21524.pkl,2.931771993637085
21525.pkl,3.3941402435302734
21528.pkl,2.636350154876709
21531.pkl,2.75577974319458
21550.pkl,2.288933515548706
21557.pkl,3.716292381286621
21572.pkl,3.6871933937072754
21573.pkl,3.233008861541748
21574.pkl,3.8763535022735596
21575.pkl,2.63865065574646
21580.pkl,3.0042943954467773
21607.pkl,3.0197525024414062
21619.pkl,2.5314817428588867
21620.pkl,4.369291305541992
21624.pkl,2.9346885681152344
21632.pkl,2.9623115062713623
21635.pkl,3.4931998252868652
21637.pkl,2.9294419288635254
21650.pkl,5.127081871032715
21657.pkl,3.8168129920959473
21662.pkl,3.396209716796875
21664.pkl,3.1847422122955322
21665.pkl,4.139628887176514
21668.pkl,3.4620494842529297
21673.pkl,3.324361801147461
21703.pkl,2.2971925735473633
21710.pkl,2.662543535232544
21718.pkl,2.29856014251709
21720.pkl,4.199185371398926
21724.pkl,3.6622366905212402
21733.pkl,3.879784345626831
21738.pkl,3.8027150630950928
21743.pkl,3.531308650970459
21750.pkl,3.451422691345215
21756.pkl,2.1931190490722656
21757.pkl,3.1748080253601074
21764.pkl,2.1848411560058594
21765.pkl,3.558736801147461
21768.pkl,3.3688111305236816
21771.pkl,2.731945514678955
21784.pkl,3.673098087310791
21786.pkl,4.473121643066406
21793.pkl,2.2877767086029053
21794.pkl,2.883251190185547
21799.pkl,2.3537068367004395
21806.pkl,2.574711322784424
21808.pkl,3.205157518386841
21811.pkl,2.6507632732391357
21812.pkl,3.276386260986328
21826.pkl,3.3178720474243164
21847.pkl,3.0396151542663574
21860.pkl,3.473196029663086
21870.pkl,3.375873565673828
21883.pkl,2.8894143104553223
21884.pkl,2.863615036010742
21892.pkl,2.5984854698181152
21906.pkl,3.3884117603302
21916.pkl,3.783921241760254
21928.pkl,3.031069278717041
21930.pkl,3.942941188812256
21942.pkl,3.841960906982422
21943.pkl,2.3926193714141846
21947.pkl,3.817654609680176
21966.pkl,2.6821908950805664
21974.pkl,2.4569344520568848
21979.pkl,2.370589256286621
21980.pkl,3.175452947616577
21992.pkl,4.200296878814697
21996.pkl,2.277474880218506
22005.pkl,2.807142734527588
22018.pkl,2.625756025314331
22025.pkl,3.1202688217163086
22027.pkl,2.77382755279541
22036.pkl,2.1138501167297363
22039.pkl,3.403818130493164
22045.pkl,4.070542335510254
22049.pkl,2.793361186981201
22058.pkl,3.738924264907837
22063.pkl,1.9717353582382202
22070.pkl,3.127274513244629
22073.pkl,3.380296230316162
22081.pkl,2.8777971267700195
22084.pkl,2.7612316608428955
22089.pkl,2.9434163570404053
22094.pkl,2.422808885574341
22095.pkl,2.7433700561523438
22114.pkl,2.7674899101257324
22128.pkl,4.202736854553223
22132.pkl,1.841761827468872
22139.pkl,3.579019546508789
22140.pkl,3.8445210456848145
22142.pkl,3.0271105766296387
22158.pkl,3.537217140197754
22170.pkl,2.66133451461792
22185.pkl,3.6476752758026123
22187.pkl,2.572460412979126
22190.pkl,2.9844534397125244
22195.pkl,3.2978718280792236
22197.pkl,2.654902935028076
22198.pkl,3.274726629257202
22201.pkl,3.8889212608337402
22206.pkl,3.4547064304351807
22230.pkl,2.930111885070801
22240.pkl,2.459510326385498
22249.pkl,3.2240166664123535
22255.pkl,2.898773193359375
22272.pkl,2.3924472332000732
22273.pkl,3.15177583694458
22279.pkl,3.248363971710205
22299.pkl,2.667384624481201
22310.pkl,3.272068500518799
22314.pkl,3.3304779529571533
22320.pkl,2.946113109588623
22326.pkl,2.577066421508789
22332.pkl,4.138012886047363
22350.pkl,2.57656192779541
22364.pkl,3.264944314956665
22366.pkl,3.546255111694336
22381.pkl,3.291252613067627
22393.pkl,2.994612693786621
22394.pkl,3.248453378677368
22400.pkl,4.052249908447266
22401.pkl,2.1499340534210205
22411.pkl,2.954254627227783
